studentId|studentName|studentPhNo|studentPassword|studentEmail|studentGrade1|oo|7485412562||oo@gmail.com|Grade-B2|QQ|74854125629||QQ@gmail.com|Grade-C3|QQ|748541225629||QQ@gmail.com|Grade-C4|QQ|74854129||QQ@gmail.com|Grade-C5|New3|7896523694|kk*98|New3@gmail.com|Grade-F6|New3|6896523694|#kk*98fddD|New3@gmail.com|Grade-B7|QQ|9685744125|KKk&68|QQ@gmail.com|Grade-A8|New4|6896523694|kkd98|New4@gmail.com|Grade-A9|kik|8588454544|A9@sssss8|csds@gmail.com|Grade-A10|Jhon|7867567895|Jhon@.123|jhon@gmail.com|B11|Jhon|7867567895|Jhon@.123|jhon@gmail.com|B12|Jhon|7867567895|Jhon@.123|jhon@gmail.com|B13|Sam|7788365346|Sam@.123|sam@gmail.com|B14|Aman|9955324732|Aman@.123|aman@gmail.com|B15|Thejas|7835333668|Thejas@.123|thejas@gmail.com|A16|Ashok|9637452243|Ashok@.123|ashok@gmail.com|B17|Ankita|9842764532|Ankita@123|ankithaa@gmail.com|A18|Rosy|8796644343|Rosy.@123|rosy@gmail.com|B19|Kriti|7654293637|Kriti@.123|kriti@gmail.com|A20|Suma|8967376997|Suma@.123|suma@gmail.com|B21|Sumanth|7459352649|Sumanth@.123|sumanth@gmail.com|A22|Vivek|8254845335|Vivek@.123|vivek@gmail.com|B23|Ananth|9274527473|Ananth@.123|ananth@gmail.com|B24|Anu|9235634763|Anu@.123|anu@gmail.com|B25|Rajini|7823527423|Rajini@.123|rajini@gmail.com|A26|Varun|9623835287|Varun@.123|varun@gmail.com|A27|Aditya|8329453825|Aditya@.123|aditya@gmail.com|B28|Tayler|8743257318|Tayler@.123|tayler@gmail.com|A29|Nick|8967456723|Nick@.123|nick@gmail.com|A30|Jhon|7867567895|Jhon@.123|jhon@gmail.com|B31|Sam|7788365346|Sam@.123|sam@gmail.com|B32|Aman|9955324732|Aman@.123|aman@gmail.com|B33|Thejas|7835333668|Thejas@.123|thejas@gmail.com|A34|Ashok|9637452243|Ashok@.123|ashok@gmail.com|B35|Ankita|9842764532|Ankita@123|ankithaa@gmail.com|A36|Rosy|8796644343|Rosy.@123|rosy@gmail.com|B37|Kriti|7654293637|Kriti@.123|kriti@gmail.com|A38|Suma|8967376997|Suma@.123|suma@gmail.com|B39|Sumanth|7459352649|Sumanth@.123|sumanth@gmail.com|A40|Vivek|8254845335|Vivek@.123|vivek@gmail.com|B41|Ananth|9274527473|Ananth@.123|ananth@gmail.com|B42|Anu|9235634763|Anu@.123|anu@gmail.com|B43|Rajini|7823527423|Rajini@.123|rajini@gmail.com|A44|Varun|9623835287|Varun@.123|varun@gmail.com|A45|Aditya|8329453825|Aditya@.123|aditya@gmail.com|B46|Tayler|8743257318|Tayler@.123|tayler@gmail.com|A47|Nick|8967456723|Nick@.123|nick@gmail.com|A48|Jhon|7867567895|Jhon@.123|jhon@gmail.com|B49|Sam|7788365346|Sam@.123|sam@gmail.com|B50|Aman|9955324732|Aman@.123|aman@gmail.com|B51|Thejas|7835333668|Thejas@.123|thejas@gmail.com|A52|Ashok|9637452243|Ashok@.123|ashok@gmail.com|B53|Ankita|9842764532|Ankita@123|ankithaa@gmail.com|A54|Rosy|8796644343|Rosy.@123|rosy@gmail.com|B55|Kriti|7654293637|Kriti@.123|kriti@gmail.com|A56|Suma|8967376997|Suma@.123|suma@gmail.com|B57|Sumanth|7459352649|Sumanth@.123|sumanth@gmail.com|A58|Vivek|8254845335|Vivek@.123|vivek@gmail.com|B59|Ananth|9274527473|Ananth@.123|ananth@gmail.com|B60|Anu|9235634763|Anu@.123|anu@gmail.com|B61|Rajini|7823527423|Rajini@.123|rajini@gmail.com|A62|Varun|9623835287|Varun@.123|varun@gmail.com|A63|Aditya|8329453825|Aditya@.123|aditya@gmail.com|B64|Tayler|8743257318|Tayler@.123|tayler@gmail.com|A65|Nick|8967456723|Nick@.123|nick@gmail.com|A66|Jhon|7867567895|Jhon@.123|jhon@gmail.com|B67|Ram|9876758657|Ram@.123|ram@gmail.com|A68|Sam|7788365346|Sam@.123|sam@gmail.com|B69|Aman|9955324732|Aman@.123|aman@gmail.com|B70|Thejas|7835333668|Thejas@.123|thejas@gmail.com|A71|Ashok|9637452243|Ashok@.123|ashok@gmail.com|B72|Ankita|9842764532|Ankita@123|ankithaa@gmail.com|A73|Rosy|8796644343|Rosy.@123|rosy@gmail.com|B74|Kriti|7654293637|Kriti@.123|kriti@gmail.com|A75|Suma|8967376997|Suma@.123|suma@gmail.com|B76|Sumanth|7459352649|Sumanth@.123|sumanth@gmail.com|A77|Vivek|8254845335|Vivek@.123|vivek@gmail.com|B78|Ananth|9274527473|Ananth@.123|ananth@gmail.com|B79|Anu|9235634763|Anu@.123|anu@gmail.com|B80|Rajini|7823527423|Rajini@.123|rajini@gmail.com|A81|Varun|9623835287|Varun@.123|varun@gmail.com|A82|Aditya|8329453825|Aditya@.123|aditya@gmail.com|B83|Tayler|8743257318|Tayler@.123|tayler@gmail.com|A84|Nick|8967456723|Nick@.123|nick@gmail.com|A85|Jhon|7867567895|Jhon@.123|jhon@gmail.com|B86|KEERU|9845588956|KEERUk&99|keerthi@gmail.com|H87|PALLU|7259439249|PALLU&*8j|pallavi@gmail.com|B88|KEERU|9845588956|KEERUk&99|keerthi@gmail.com|H89|PALLU|7259439249|PALLU&*8j|pallavi@gmail.com|B90|KEERU|9845588956|KEERUk&99|keerthi@gmail.com|H91|PALLU|7259439249|PALLU&*8j|pallavi@gmail.com|B92|KEERU|9845588956|KEERUk&99|keerthi@gmail.com|H93|PALLU|7259439249|PALLU&*8j|pallavi@gmail.com|B94|KEERU|9845588956|KEERUk&99|keerthi@gmail.com|H95|PALLU|7259439249|PALLU&*8j|pallavi@gmail.com|B96|Ram|9876758657|Ram@.123|ram@gmail.com|A97|Sam|7788365346|Sam@.123|sam@gmail.com|B98|Aman|9955324732|Aman@.123|aman@gmail.com|B99|Thejas|7835333668|Thejas@.123|thejas@gmail.com|A100|Ashok|9637452243|Ashok@.123|ashok@gmail.com|B101|Ankita|9842764532|Ankita@123|ankithaa@gmail.com|A102|Rosy|8796644343|Rosy.@123|rosy@gmail.com|B103|Kriti|7654293637|Kriti@.123|kriti@gmail.com|A104|Suma|8967376997|Suma@.123|suma@gmail.com|B105|Sumanth|7459352649|Sumanth@.123|sumanth@gmail.com|A106|Vivek|8254845335|Vivek@.123|vivek@gmail.com|B107|Ananth|9274527473|Ananth@.123|ananth@gmail.com|B108|Anu|9235634763|Anu@.123|anu@gmail.com|B109|Rajini|7823527423|Rajini@.123|rajini@gmail.com|A110|Varun|9623835287|Varun@.123|varun@gmail.com|A111|Aditya|8329453825|Aditya@.123|aditya@gmail.com|B112|Tayler|8743257318|Tayler@.123|tayler@gmail.com|A113|Nick|8967456723|Nick@.123|nick@gmail.com|A114|Jhon|7867567895|Jhon@.123|jhon@gmail.com|B115|KEERU|9845588956|KEERUk&99|keerthi@gmail.com|H116|PALLU|7259439249|PALLU&*8j|pallavi@gmail.com|B117|KEERU|9845588956|KEERUk&99|keerthi|gmail.com118|PALLU|7259439249|PALLU&*8j|pallavi|gmail.com119|KEERU|9845588956|KEERUk&99|keerthi|gmail.com120|PALLU|7259439249|PALLU&*8j|pallavi|gmail.com121|kik|8588454544|A9@sssss8|csds@gmail.com|Grade-A